<?xml version="1.0"?>
<DatasetMetadata xmlns:xsd="http://www.w3.org/2001/XMLSchema" xmlns:xsi="http://www.w3.org/2001/XMLSchema-instance">
  <DatasetProvider>
    <DatasetProviderKey>VariousSourcesCollatedByNbdc</DatasetProviderKey>
  </DatasetProvider>
  <DatasetContact>
    <ContactName>Úna Fitzpatrick</ContactName>
    <PostalAddress>National Biodiversity Data Centre, Beechfield House, WIT West Campus, Carriganore, Waterford</PostalAddress>
    <TelephoneNumber>051 306240</TelephoneNumber>
    <EmailAddress>ufitzpatrick@biodiversityireland.ie</EmailAddress>
    <Website>http://www.pollinators.ie/</Website>
  </DatasetContact>
  <DatasetGroup>
    <DatasetGroupKey>NBDCSYS100000038</DatasetGroupKey>
  </DatasetGroup>
  <DatasetInformation>
    <DatasetKey>BeesOfIreland</DatasetKey>
    <DatasetTitle>Bees of Ireland</DatasetTitle>
    <DataSubject>Data on the distribution of bees from both published and unpublished sources have been compiled into a national database on Ireland's bees.</DataSubject>
    <MethodsOfDataCapture>Various: field observations, transect walks, pan trapping, malaise trapping.</MethodsOfDataCapture>
    <PurposeOfDataCapture>This database was initially compiled as part of a Trinity College Dublin/Queen's University Belfast HEA funded research project on the conservation of Irish bees (2003-2006; Úna Fitzpatrick &amp; Tomás Murray). It was used for conservation purposes, including the development of a Red List. It is now deposited with the National Biodiversity Data Centre and is managed by Úna Fitzpatrick.</PurposeOfDataCapture>
    <GeographicCoverage>Island of Ireland</GeographicCoverage>
    <TemporalCoverage>1884-present</TemporalCoverage>
    <DataQuality>All data has been validated by an expert. The source data field indicates the published or unpublished source from which the data originates.</DataQuality>
    <DatasetOriginalFormat>Compiled into an Excel database</DatasetOriginalFormat>
    <DatasetStatus>This dataset is constantly being updated with new records</DatasetStatus>
    <AdditionalInformationSource>http://pollinators.biodiversityireland.ie/</AdditionalInformationSource>
    <DatasetType>Terrestrial</DatasetType>
  </DatasetInformation>
  <LicenseInformation>
    <DataLicense>CC-BY</DataLicense>
  </LicenseInformation>
  <SurveyInformation>
    <SurveyKey>05175e63b2339ae88961dad0d2ae776a</SurveyKey>
    <SurveyTitle>Stelfox, A.W. (1927) A list of the Hymenoptera Aculeata (sensu lato) of Ireland.  Proceedings of the Royal Irish Academy 37B, 201-355.</SurveyTitle>
    <DataSubject>Bees</DataSubject>
  </SurveyInformation>
  <SurveyInformation>
    <SurveyKey>0807ac6d8d8cb4c938aaa3b023f9f724</SurveyKey>
    <SurveyTitle>All-Ireland Bumblebee Monitoring Scheme data</SurveyTitle>
    <DataSubject>Bees</DataSubject>
  </SurveyInformation>
  <SurveyInformation>
    <SurveyKey>1bcbd1c0f3dbb9a805d0f907c988e785</SurveyKey>
    <SurveyTitle>Specimen held in the Smithsonian Institution, Washington D.C. (data provided by BWARS)</SurveyTitle>
    <DataSubject>Bees</DataSubject>
  </SurveyInformation>
  <SurveyInformation>
    <SurveyKey>20824be574ce15d992fb319627d91023</SurveyKey>
    <SurveyTitle>Speight, M.C.D. (1974).  Bombus lapponicus, Parasyrphus lineola, and Phaonia exoleta:  insects new to Ireland.  Irish  Naturalists’ Journal 18, 123-124.</SurveyTitle>
    <DataSubject>Bees</DataSubject>
  </SurveyInformation>
  <SurveyInformation>
    <SurveyKey>351e58ddceab46f8d22cb0d6fffd186c</SurveyKey>
    <SurveyTitle>National Biodiversity Data Centre: online record submission</SurveyTitle>
    <DataSubject>Bees</DataSubject>
  </SurveyInformation>
  <SurveyInformation>
    <SurveyKey>36c99afa0e6ec745e18ca351408b5259</SurveyKey>
    <SurveyTitle>Zoe &amp; Angus Tyner - personal records (2015-current)</SurveyTitle>
    <DataSubject>Bees</DataSubject>
  </SurveyInformation>
  <SurveyInformation>
    <SurveyKey>3cbfb9769520a542335c2d709116b93f</SurveyKey>
    <SurveyTitle>Gittings, T. (2014) Ecological surveys for Waterways Ireland. Unpublished report</SurveyTitle>
    <DataSubject>Bees</DataSubject>
  </SurveyInformation>
  <SurveyInformation>
    <SurveyKey>5ac63b38f07b222f08999a9230e0791c</SurveyKey>
    <SurveyTitle>Russo, L. (2018) Impact of agricultural runoff on communities of plants and their insect pollinators. Marie Curie Postdoc Fellowship TCD</SurveyTitle>
    <DataSubject>Bees</DataSubject>
  </SurveyInformation>
  <SurveyInformation>
    <SurveyKey>5d285e06965d99ff3ca6e98e114033bc</SurveyKey>
    <SurveyTitle>General bee records</SurveyTitle>
    <DataSubject>Bees</DataSubject>
  </SurveyInformation>
  <SurveyInformation>
    <SurveyKey>64a09f64d1be8468f3c75fa758f659be</SurveyKey>
    <SurveyTitle>Ronayne, C. &amp; O'Connor J.P. (2003) Distributional records of some Aculeata (Hymenoptera) collected in Ireland from 1980-2002. Bulletin Irish biogeographical Society 27: 227-254</SurveyTitle>
    <DataSubject>Bees</DataSubject>
  </SurveyInformation>
  <SurveyInformation>
    <SurveyKey>6622c8bfa20c67c0d7bf58e279c1c971</SurveyKey>
    <SurveyTitle>Fitzpatrick Ú., Murray T., Brown, M. &amp; Paxton, R. (2003-2006) The conservation of Irish bees.  TCD-QUB research project.</SurveyTitle>
    <DataSubject>Bees</DataSubject>
  </SurveyInformation>
  <SurveyInformation>
    <SurveyKey>73c9b5b18ee07dea83f941a756a1047e</SurveyKey>
    <SurveyTitle>Gittings, T. (2013) Offaly community forum biodiversity data. Unpublished report</SurveyTitle>
    <DataSubject>Bees</DataSubject>
  </SurveyInformation>
  <SurveyInformation>
    <SurveyKey>7b44b49c63ead511ace82bd94593cdd8</SurveyKey>
    <SurveyTitle>CEDaR open access bee data (Northern Ireland)</SurveyTitle>
    <DataSubject>Bees</DataSubject>
  </SurveyInformation>
  <SurveyInformation>
    <SurveyKey>95c716795f14046eca54d8781805dd8b</SurveyKey>
    <SurveyTitle>McCann M. (2018)  Genetic investigation of species distribution within the Bombus lucorum complex across urban and rural habitats.  TCD undergraduate research project</SurveyTitle>
    <DataSubject>Bees</DataSubject>
  </SurveyInformation>
  <SurveyInformation>
    <SurveyKey>9bf97e6e93f9d356dfc32a8a38628cd4</SurveyKey>
    <SurveyTitle>Fenner, A (2013-2014) Data submitted via smart phone app for recording bumblebees</SurveyTitle>
    <DataSubject>Bees</DataSubject>
  </SurveyInformation>
  <SurveyInformation>
    <SurveyKey>9c59418441c7765773afd7a4ab0f8cf1</SurveyKey>
    <SurveyTitle>Brown, M.J.F. (2002) Distribution and abundance of bumble bees in Dublin City.  Unpublished report to the Heritage Council, Ireland.</SurveyTitle>
    <DataSubject>Bees</DataSubject>
  </SurveyInformation>
  <SurveyInformation>
    <SurveyKey>ab0b51167054a7e6ec6063684d079d62</SurveyKey>
    <SurveyTitle>Stanley, D. (2012) Impacts of energy crops on pollinators. Ph.D. thesis TCD</SurveyTitle>
    <DataSubject>Bees</DataSubject>
  </SurveyInformation>
  <SurveyInformation>
    <SurveyKey>ac5b592800b68496083df285ca889bd2</SurveyKey>
    <SurveyTitle>Hunter J. (2006) Northern Ireland Species Action Plan - Northern Colletes (Colletes floralis )</SurveyTitle>
    <DataSubject>Bees</DataSubject>
  </SurveyInformation>
  <SurveyInformation>
    <SurveyKey>bb1c4fd9c2d12fe03a9271ac099b62ec</SurveyKey>
    <SurveyTitle>Davis E. (2009) Conservation biology and genetics of a rare mining bee, Colletes floralis. Ph.D. thesis QUB</SurveyTitle>
    <DataSubject>Bees</DataSubject>
  </SurveyInformation>
  <SurveyInformation>
    <SurveyKey>d1aaa7483b1d80f4bfd373edfa6f3bd9</SurveyKey>
    <SurveyTitle>Tom Gittings - personal records (2003-current)</SurveyTitle>
    <DataSubject>Bees</DataSubject>
  </SurveyInformation>
  <SurveyInformation>
    <SurveyKey>db1ac61f-89ff-11ea-9857-e454e8915339</SurveyKey>
    <SurveyTitle>Phelan, Niamh. (2019) Habitat and floral associations: investigating the ecology of the Great Yellow Bumblebee (Bombus distinguendus) in Ireland MSc. thesis UCD</SurveyTitle>
    <DataSubject>Bees</DataSubject>
  </SurveyInformation>
  <SurveyInformation>
    <SurveyKey>dcff5d859e48598c610566ab6051fc63</SurveyKey>
    <SurveyTitle>Kirwan P. (2002)  Parasite communities in the Wicklow Mountains. TCD undergraduate research project</SurveyTitle>
    <DataSubject>Bees</DataSubject>
  </SurveyInformation>
  <SurveyInformation>
    <SurveyKey>ea983d031e85657d1478029834c82bd7</SurveyKey>
    <SurveyTitle>Stelfox, A.W. (1951) The cuckoo bee, Sphecodes gibbus L., confirmed as Irish. Irish Naturalists' Journal 10: 169</SurveyTitle>
    <DataSubject>Bees</DataSubject>
  </SurveyInformation>
  <SurveyInformation>
    <SurveyKey>f0175a02f795c80afdeef0c1a3b257de</SurveyKey>
    <SurveyTitle>John Breen - personal records (1971 - 2004)</SurveyTitle>
    <DataSubject>Bees</DataSubject>
  </SurveyInformation>
  <SurveyInformation>
    <SurveyKey>f95be43e01f0a1eb6e87d5531e4079bb</SurveyKey>
    <SurveyTitle>Specimen held in the Ulster Museum Collection (label digitised 2004)</SurveyTitle>
    <DataSubject>Bees</DataSubject>
  </SurveyInformation>
  <SurveyInformation>
    <SurveyKey>fd920ecbd077d076541d7caf97c8dea9</SurveyKey>
    <SurveyTitle>Ronayne, C. &amp; O'Connor, J.P. (2006) Further distributional records of Irish Aculeata (Hymenoptera), and a species list for Ireland. Bulletin Irish biogeographical Society 30: 28-91</SurveyTitle>
    <DataSubject>Bees</DataSubject>
  </SurveyInformation>
  <SurveyInformation>
    <SurveyKey>fe8d2a30778a950b41aeb08a6ff02eec</SurveyKey>
    <SurveyTitle>Santorum V. (2002-2007) Monitoring, Functional Significance and Management for the Maintenance and Economic Utilisation of Biodiversity in the Intensively Farmed Landscape. AG-BIOTA project. ERTDI-funded: 2001-CD-B1-M1</SurveyTitle>
    <DataSubject>Bees</DataSubject>
  </SurveyInformation>
  <AttributeInformation>
    <AttributeName>Source</AttributeName>
    <AttributeDescription>Original source of data</AttributeDescription>
  </AttributeInformation>
  <AttributeInformation>
    <AttributeName>Record comment</AttributeName>
    <AttributeDescription>A comment associated with any individual record</AttributeDescription>
  </AttributeInformation>
  <AttributeInformation>
    <AttributeName>Determiner name</AttributeName>
    <AttributeDescription>The name of the person(s) who verified the identification - used for verify records of difficult taxa</AttributeDescription>
  </AttributeInformation>
  <AttributeInformation>
    <AttributeName>Abundance</AttributeName>
    <AttributeDescription>Measure of abundance of the organism recorded</AttributeDescription>
  </AttributeInformation>
  <AttributeInformation>
    <AttributeName>County</AttributeName>
    <AttributeDescription>Name of administrative county within which the record was made</AttributeDescription>
  </AttributeInformation>
  <AttributeInformation>
    <AttributeName>Habitat description</AttributeName>
    <AttributeDescription>A description of the habitat in which the organism was recorded</AttributeDescription>
  </AttributeInformation>
  <AttributeInformation>
    <AttributeName>Sex</AttributeName>
    <AttributeDescription>The sex of the organism if known</AttributeDescription>
  </AttributeInformation>
  <AttributeInformation>
    <AttributeName>Undetermined number seen</AttributeName>
    <AttributeDescription>The nuber of bees of undetermined sex observed.</AttributeDescription>
  </AttributeInformation>
  <AttributeInformation>
    <AttributeName>Queen number seen</AttributeName>
    <AttributeDescription>The nuber of queen bees observed.</AttributeDescription>
  </AttributeInformation>
  <AttributeInformation>
    <AttributeName>Worker number seen</AttributeName>
    <AttributeDescription>The number of worker bees observed.</AttributeDescription>
  </AttributeInformation>
  <AttributeInformation>
    <AttributeName>Male number seen</AttributeName>
    <AttributeDescription>The number of male bees observed.</AttributeDescription>
  </AttributeInformation>
  <AttributeInformation>
    <AttributeName>Identification literature used</AttributeName>
    <AttributeDescription>The literature used to aid in the identification of the organism.</AttributeDescription>
  </AttributeInformation>
  <AttributeInformation>
    <AttributeName>Sampling method</AttributeName>
    <AttributeDescription>Description of the sampling method employed to make the record</AttributeDescription>
  </AttributeInformation>
  <AttributeInformation>
    <AttributeName>Vice-county</AttributeName>
    <AttributeDescription>The name of the Watsonian (botanical) vice-county within which the record was made</AttributeDescription>
  </AttributeInformation>
  <AttributeInformation>
    <AttributeName>Survey name</AttributeName>
    <AttributeDescription>Name of survey if the record was made as part of a specific survey (including collections of casual observations and other loose assemblages of data)</AttributeDescription>
  </AttributeInformation>
  <ValidationInformation>
    <UnderValidation>false</UnderValidation>
  </ValidationInformation>
</DatasetMetadata>