<?xml version="1.0"?>
<DatasetProviderMetadata xmlns:xsd="http://www.w3.org/2001/XMLSchema" xmlns:xsi="http://www.w3.org/2001/XMLSchema-instance">
  <DatasetProviderKey>VariousSourcesCollatedByNbdc</DatasetProviderKey>
  <Name>Collated by the National Biodiversity Data Centre from different sources</Name>
  <Description>The Centre for biodiversity data</Description>
  <Website>http://www.biodiversityireland.ie/</Website>
  <PrimaryContact>Liam Lysaght</PrimaryContact>
  <PostalAddress>National Biodiversity Data Centre, Carriganore, WIT West Campus, Waterford</PostalAddress>
  <TelephoneNumber>00 353 51 306240</TelephoneNumber>
  <EmailAddress>llysaght@biodiversityireland.ie</EmailAddress>
</DatasetProviderMetadata>